{
  "name": "slash",
  "flags": {
    "0": {
      "outline": [
        [
          0.2128,
          0.4011
        ],
        [
          0.0835,
          0.1276
        ],
        [
          0.0162,
          0.1495
        ],
        [
          -0.0061,
          0.1679
        ],
        [
          -0.0095,
          0.1999
        ],
        [
          0.0585,
          0.4091
        ],
        [
          0.0787,
          0.4324
        ],
        [
          0.1094,
          0.4346
        ]
      ]
    },
    "1": {
      "outline": [
        [
          0.346,
          0.3577
        ],
        [
          0.2177,
          0.084
        ],
        [
          0.0835,
          0.1276
        ],
        [
          0.2128,
          0.4011
        ]
      ]
    },
    "2": {
      "outline": [
        [
          0.9165,
          0.1724
        ],
        [
          0.7872,
          -0.1011
        ],
        [
          0.6541,
          -0.0578
        ],
        [
          0.7834,
          0.2156
        ]
      ]
    },
    "3": {
      "outline": [
        [
          0.9838,
          0.1505
        ],
        [
          1.0061,
          0.1321
        ],
        [
          1.0095,
          0.1001
        ],
        [
          0.9415,
          -0.1091
        ],
        [
          0.9213,
          -0.1324
        ],
        [
          0.8906,
          -0.1346
        ],
        [
          0.7872,
          -0.1011
        ],
        [
          0.9165,
          0.1724
        ]
      ]
    }
  },
  "outline": [
    [
      0.0585,
      0.4091
    ],
    [
      0.0787,
      0.4324
    ],
    [
      0.1094,
      0.4346
    ],
    [
      0.9838,
      0.1505
    ],
    [
      1.0061,
      0.1321
    ],
    [
      1.0095,
      0.1001
    ],
    [
      0.9415,
      -0.1091
    ],
    [
      0.9213,
      -0.1324
    ],
    [
      0.8906,
      -0.1346
    ],
    [
      0.0162,
      0.1495
    ],
    [
      -0.0061,
      0.1679
    ],
    [
      -0.0095,
      0.1999
    ]
  ],
  "inputs": [
    [
      0.1874,
      0.4987,
      71.25673813443055
    ],
    [
      0.2645,
      0.4736,
      71.2567342245352
    ],
    [
      0.3415,
      0.4486,
      71.2567342245352
    ],
    [
      0.4186,
      0.4236,
      71.2567342245352
    ],
    [
      0.4956,
      0.3985,
      71.25673813443055
    ],
    [
      0.5726,
      0.3735,
      71.25673813443055
    ],
    [
      0.6497,
      0.3485,
      71.25673813443055
    ],
    [
      0.7267,
      0.3234,
      71.25673813443055
    ],
    [
      0.8038,
      0.2984,
      71.25673813443055
    ],
    [
      0.8808,
      0.2734,
      71.25673813443055
    ],
    [
      0.9579,
      0.2483,
      71.25673813443055
    ]
  ],
  "outputs": [
    [
      0.0422,
      0.0517,
      -108.38072898458701
    ],
    [
      0.1192,
      0.0266,
      -108.38072898458701
    ],
    [
      0.1963,
      0.0016,
      -108.38077948448748
    ],
    [
      0.2733,
      -0.0234,
      -108.38079626476498
    ],
    [
      0.3504,
      -0.0485,
      -108.38084676467545
    ],
    [
      0.4274,
      -0.0735,
      -108.38077948448748
    ],
    [
      0.5045,
      -0.0985,
      -108.38077948448748
    ],
    [
      0.5815,
      -0.1236,
      -108.38077948448748
    ],
    [
      0.6585,
      -0.1486,
      -108.38084676467545
    ],
    [
      0.7356,
      -0.1736,
      -108.38084676467545
    ],
    [
      0.8126,
      -0.1987,
      -108.38084676467545
    ]
  ],
  "icon": [
    [
      0.38,
      0.03
    ],
    [
      0.62,
      0.27
    ]
  ]
}